<?xml version="1.0" encoding="UTF-8"?>
<dependencies><use path="\Exception"></use><use path="\AEL\Docs\pdfCreator"></use><use path="\APP\Settings\appSettings"></use><use path="\AEL\Resources\filesystem\fileManager"></use><use path="\RTL\Invoices\invoice"></use><use path="\RTL\Relations\customer"></use><use path="\ENP\Relations\ePersonAddress"></use><use path="\ENP\Relations\ePersonPhone"></use><use path="\API\Platform\importer"></use><use path="\AEL\Platform\application"></use><use path="\AEL\Literals\appLiteral"></use><use path="\RTL\Products\cProductStock"></use><use path="\RTL\Profile\company"></use></dependencies>
