<?xml version="1.0" encoding="UTF-8"?>
<views><view name="MainView"/><view name="MainAppContainer"/><view name="StartScreen"/><folder name="customers"><view name="addCustomerDialog"/><view name="customerDetails"/></folder><folder name="products"><view name="productList"/><view name="addProductDialog"/><view name="fproductInfo"/><view name="updateInvoiceProduct"/><view name="removeInvoiceProduct"/></folder><folder name="payments"><view name="paymentsStatus"/><view name="addPaymentDialog"/><view name="paymentsList"/></folder><folder name="invoice"><view name="invoiceInfo"/><view name="completeInvoiceDialog"/><view name="cancelInvoiceDialog"/><view name="editInvoiceInfo"/><view name="downloadInvoicePDF"/><view name="previewInvoicePDF"/></folder><folder name="settings"><view name="appSettingsPopup"></view></folder></views>
